"","estimate","hdi_hi","hdi_lo","language","phoneme","frame"
"1",0.522918807141144,0.610115191084806,0.436399217082273,"french","i","b"
"2",0.831187570908737,0.875460184244776,0.776700179273964,"french","o","b"
"3",0.877398102771769,0.910851410542344,0.834862709958177,"french","schwa","b"
"4",0.670462683647645,0.743899381143495,0.589706022069219,"french","y","b"
"5",0.617674337493093,0.697568417351815,0.532992084689389,"german","i","b"
"6",0.607528974226955,0.688473856095546,0.522337353843928,"german","o","b"
"7",0.693786688849408,0.763856364509676,0.615467627443314,"german","schwa","b"
"8",0.652734961237181,0.728522610710872,0.570417478573954,"german","y","b"
